,,,Overall,,,,,,,Time on Ice,,,,Goals,,,,,Assists,,,,,Points,,,,,,per 60 All Situations,,,per 60 Even-Strength,,,per 60 Power-Play,,,per Game,,,Shots,,Defensive,,Faceoffs,,,,,,,,,,,,,,,,,,,,,,,,,,,,,,,,,,,,,,,,,,,,,,,,,,,,,,,
Rk,Name,Born,Pos,GP,G,A,P,PIM,+/-,TOI,ES,PP,SH,ESG,PPG,SHG,GWG,OTG,ESA,PPA,SHA,GWA,OTA,ESP,PPP,SHP,GWP,OTP,PPP%,G/60,A/60,P/60,ESG/60,ESA/60,ESP/60,PPG/60,PPA/60,PPP/60,G/GP,A/GP,P/GP,SHOTS,SH%,HITS,BS,FOW,FOL,FO%,,,,,,,,,,,,,,,,,,,,,,,,,,,,,,,,,,,,,,,,,,,,,,,,,,,,,
1,Wayne Gretzky,1961,F,1487,894,1963,2857,577,520,,,,,617,204,73,91,2,1201,686,76,239,15,1818,890,149,330,17,31.2%,,,,,,,,,,0.601,1.32,1.921,5083,17.6%,,,1199,1249,48.98%,,,,,,,,,,,,,,,,,,,,,,,,,,,,,,,,,,,,,,,,,,,,,,,,,,,,,
2,Gordie Howe,1928,F,1767,801,1049,1850,1685,160,,,,,566,211,24,120,0,684,353,12,160,0,1250,564,36,280,0,30.5%,,,,,,,,,,0.453,0.594,1.047,3803,0.0%,,,,,,,,,,,,,,,,,,,,,,,,,,,,,,,,,,,,,,,,,,,,,,,,,,,,,,,,,,
3,Jaromír Jágr,1972,F,1733,766,1155,1921,1167,322,,,,,538,217,11,135,19,758,393,4,180,16,1296,610,15,315,35,31.8%,,,,,,,,,,0.442,0.666,1.108,5637,13.6%,187,114,12,37,24.49%,,,,,,,,,,,,,,,,,,,,,,,,,,,,,,,,,,,,,,,,,,,,,,,,,,,,,
4,Brett Hull,1964,F,1269,741,650,1391,458,23,,,,,456,265,20,110,12,371,271,8,109,9,827,536,28,219,21,38.5%,,,,,,,,,,0.584,0.512,1.096,4876,15.2%,1,3,28,42,40.00%,,,,,,,,,,,,,,,,,,,,,,,,,,,,,,,,,,,,,,,,,,,,,,,,,,,,,
5,Marcel Dionne,1951,F,1348,731,1040,1771,600,27,,,,,478,234,19,73,2,620,409,11,127,2,1098,643,30,200,4,36.3%,,,,,,,,,,0.542,0.772,1.314,5363,13.6%,,,,,,,,,,,,,,,,,,,,,,,,,,,,,,,,,,,,,,,,,,,,,,,,,,,,,,,,,,
6,Alexander Ovechkin,1985,F,1197,730,590,1320,731,75,20:52,15:58,4:44,0:09,457,269,4,116,24,359,230,1,83,13,816,499,5,199,37,37.8%,1.752,1.416,3.169,1.434,1.126,2.56,2.843,2.431,5.275,0.61,0.493,1.103,5727,12.8%,3128,475,56,108,34.15%,,,,,,,,,,,,,,,,,,,,,,,,,,,,,,,,,,,,,,,,,,,,,,,,,,,,,
7,Phil Esposito,1942,F,1282,717,873,1590,910,252,,,,,448,246,23,118,0,558,303,12,146,0,1006,549,35,264,0,34.5%,,,,,,,,,,0.559,0.681,1.24,5166,13.9%,,,,,,,,,,,,,,,,,,,,,,,,,,,,,,,,,,,,,,,,,,,,,,,,,,,,,,,,,,
8,Mike Gartner,1959,F,1432,708,627,1335,1159,68,,,,,467,217,24,90,7,426,196,5,79,1,893,413,29,169,8,30.9%,,,,,,,,,,0.494,0.438,0.932,5090,13.9%,,,11,10,52.38%,,,,,,,,,,,,,,,,,,,,,,,,,,,,,,,,,,,,,,,,,,,,,,,,,,,,,
9,Mark Messier,1961,F,1756,694,1193,1887,1912,211,,,,,452,179,63,92,8,710,402,81,144,18,1162,581,144,236,26,30.8%,,,,,,,,,,0.395,0.679,1.075,4221,16.4%,,,5743,4755,54.71%,,,,,,,,,,,,,,,,,,,,,,,,,,,,,,,,,,,,,,,,,,,,,,,,,,,,,
10,Steve Yzerman,1965,F,1514,692,1063,1755,924,184,,,,,440,202,50,94,9,637,393,33,139,11,1077,595,83,233,20,33.9%,,,,,,,,,,0.457,0.702,1.159,4602,15.0%,19,17,5270,3907,57.43%,,,,,,,,,,,,,,,,,,,,,,,,,,,,,,,,,,,,,,,,,,,,,,,,,,,,,
11,Mario Lemieux,1965,F,915,690,1033,1723,834,114,,,,,405,236,49,74,11,546,465,22,115,11,951,701,71,189,22,40.7%,,,,,,,,,,0.754,1.129,1.883,3633,19.0%,8,6,1414,1451,49.35%,,,,,,,,,,,,,,,,,,,,,,,,,,,,,,,,,,,,,,,,,,,,,,,,,,,,,
12,Teemu Selänne,1970,F,1451,684,773,1457,660,95,,,,,422,255,7,110,9,438,333,2,116,13,860,588,9,226,22,40.4%,,,,,,,,,,0.471,0.533,1.004,4540,15.1%,123,96,956,1077,47.02%,,,,,,,,,,,,,,,,,,,,,,,,,,,,,,,,,,,,,,,,,,,,,,,,,,,,,
13,Luc Robitaille,1966,F,1431,668,726,1394,1177,71,,,,,418,247,3,89,7,463,260,3,97,5,881,507,6,186,12,36.4%,,,,,,,,,,0.467,0.507,0.974,3961,16.9%,30,15,31,46,40.26%,,,,,,,,,,,,,,,,,,,,,,,,,,,,,,,,,,,,,,,,,,,,,,,,,,,,,
14,Brendan Shanahan,1969,F,1524,656,698,1354,2489,151,,,,,396,237,23,109,12,414,270,14,126,10,810,507,37,235,22,37.4%,,,,,,,,,,0.43,0.458,0.888,5086,12.9%,205,146,343,366,48.38%,,,,,,,,,,,,,,,,,,,,,,,,,,,,,,,,,,,,,,,,,,,,,,,,,,,,,
15,Dave Andreychuk,1963,F,1639,640,698,1338,1121,32,,,,,356,274,10,77,7,402,293,3,103,4,758,567,13,180,11,42.4%,,,,,,,,,,0.39,0.426,0.816,4554,14.1%,5,30,2851,2294,55.41%,,,,,,,,,,,,,,,,,,,,,,,,,,,,,,,,,,,,,,,,,,,,,,,,,,,,,
16,Joe Sakic,1969,F,1378,625,1016,1641,614,30,,,,,388,205,32,86,7,573,426,17,148,11,961,631,49,234,18,38.5%,,,,,,,,,,0.454,0.737,1.191,4621,13.5%,57,93,8297,7544,52.38%,,,,,,,,,,,,,,,,,,,,,,,,,,,,,,,,,,,,,,,,,,,,,,,,,,,,,
17,Jarome Iginla,1977,F,1554,625,675,1300,1040,30,,,,,415,197,13,101,7,435,231,9,105,9,850,428,22,206,16,32.9%,,,,,,,,,,0.402,0.434,0.837,4759,13.1%,1169,335,2879,2683,51.76%,,,,,,,,,,,,,,,,,,,,,,,,,,,,,,,,,,,,,,,,,,,,,,,,,,,,,
18,Bobby Hull,1939,F,1063,610,560,1170,634,249,,,,,437,154,19,98,0,380,170,10,74,0,817,324,29,172,0,27.7%,,,,,,,,,,0.574,0.527,1.101,4569,0.0%,,,,,,,,,,,,,,,,,,,,,,,,,,,,,,,,,,,,,,,,,,,,,,,,,,,,,,,,,,
19,Dino Ciccarelli,1960,F,1232,608,592,1200,1425,-4,,,,,375,232,1,73,1,400,190,2,66,1,775,422,3,139,2,35.2%,,,,,,,,,,0.494,0.481,0.974,3706,16.4%,,,0,2,0.00%,,,,,,,,,,,,,,,,,,,,,,,,,,,,,,,,,,,,,,,,,,,,,,,,,,,,,
20,Jari Kurri,1960,F,1251,601,797,1398,545,304,,,,,407,155,39,72,7,514,240,43,89,6,921,395,82,161,13,28.3%,,,,,,,,,,0.48,0.637,1.118,3149,19.1%,,,108,192,36.00%,,,,,,,,,,,,,,,,,,,,,,,,,,,,,,,,,,,,,,,,,,,,,,,,,,,,,
21,Mark Recchi,1968,F,1652,577,956,1533,1033,0,,,,,359,200,18,91,6,573,369,14,129,10,932,569,32,220,16,37.1%,,,,,,,,,,0.349,0.579,0.928,3820,15.1%,528,174,1043,1145,47.67%,,,,,,,,,,,,,,,,,,,,,,,,,,,,,,,,,,,,,,,,,,,,,,,,,,,,,
22,Mike Bossy,1957,F,752,573,553,1126,210,380,,,,,385,180,8,80,4,354,198,1,88,1,739,378,9,168,5,33.6%,,,,,,,,,,0.762,0.735,1.497,2709,21.2%,,,,,,,,,,,,,,,,,,,,,,,,,,,,,,,,,,,,,,,,,,,,,,,,,,,,,,,,,,
23,Patrick Marleau,1979,F,1779,566,631,1197,527,-27,17:48,13:49,3:07,0:50,377,172,17,109,11,384,243,4,108,10,761,415,21,217,21,34.7%,1.072,1.195,2.268,0.92,0.937,1.857,1.854,2.619,4.473,0.318,0.355,0.673,4333,13.1%,1157,406,6836,7584,47.41%,,,,,,,,,,,,,,,,,,,,,,,,,,,,,,,,,,,,,,,,,,,,,,,,,,,,,
24,Joe Nieuwendyk,1966,F,1257,564,562,1126,677,155,,,,,337,215,12,93,7,356,204,2,93,14,693,419,14,186,21,37.2%,,,,,,,,,,0.449,0.447,0.896,3242,17.4%,14,22,5996,4113,59.31%,,,,,,,,,,,,,,,,,,,,,,,,,,,,,,,,,,,,,,,,,,,,,,,,,,,,,
25,Mats Sundin,1971,F,1346,564,785,1349,1093,73,,,,,373,160,31,96,15,467,293,25,126,14,840,453,56,222,29,33.6%,,,,,,,,,,0.419,0.583,1.002,4015,14.1%,182,134,10 218,8307,55.16%,,,,,,,,,,,,,,,,,,,,,,,,,,,,,,,,,,,,,,,,,,,,,,,,,,,,,
26,Mike Modano,1970,F,1499,561,813,1374,926,114,,,,,375,157,29,92,9,459,336,18,139,11,834,493,47,231,20,35.9%,,,,,,,,,,0.374,0.542,0.917,4273,13.1%,113,118,8749,8161,51.74%,,,,,,,,,,,,,,,,,,,,,,,,,,,,,,,,,,,,,,,,,,,,,,,,,,,,,
27,Guy Lafleur,1951,F,1126,560,793,1353,399,446,,,,,403,154,3,98,0,525,266,2,116,0,928,420,5,214,0,31.0%,,,,,,,,,,0.497,0.704,1.202,3516,15.9%,,,,,,,,,,,,,,,,,,,,,,,,,,,,,,,,,,,,,,,,,,,,,,,,,,,,,,,,,,
28,Johnny Bucyk,1935,F,1540,556,813,1369,493,-7,,,,,393,159,4,92,0,529,284,0,95,0,922,443,4,187,0,32.4%,,,,,,,,,,0.361,0.528,0.889,3086,0.0%,,,,,,,,,,,,,,,,,,,,,,,,,,,,,,,,,,,,,,,,,,,,,,,,,,,,,,,,,,
29,Ron Francis,1963,F,1731,549,1249,1798,977,-18,,,,,349,188,12,79,4,691,539,19,196,14,1040,727,31,275,18,40.4%,,,,,,,,,,0.317,0.722,1.039,3756,14.6%,,,4773,3940,54.78%,,,,,,,,,,,,,,,,,,,,,,,,,,,,,,,,,,,,,,,,,,,,,,,,,,,,,
30,Michel Goulet,1960,F,1089,548,605,1153,825,99,,,,,353,179,16,63,3,402,194,9,63,3,755,373,25,126,6,32.4%,,,,,,,,,,0.503,0.556,1.059,3140,17.5%,,,,,,,,,,,,,,,,,,,,,,,,,,,,,,,,,,,,,,,,,,,,,,,,,,,,,,,,,,
31,Maurice Richard,1921,F,978,544,422,966,1287,18,,,,,397,143,4,84,0,309,111,2,90,0,706,254,6,174,0,26.3%,,,,,,,,,,0.556,0.431,0.988,166,0.0%,,,,,,,,,,,,,,,,,,,,,,,,,,,,,,,,,,,,,,,,,,,,,,,,,,,,,,,,,,
32,Stan Mikita,1940,F,1396,541,926,1467,1264,329,,,,,379,150,12,84,0,608,312,6,133,0,987,462,18,217,0,31.5%,,,,,,,,,,0.388,0.663,1.051,4482,0.0%,,,,,,,,,,,,,,,,,,,,,,,,,,,,,,,,,,,,,,,,,,,,,,,,,,,,,,,,,,
33,Keith Tkachuk,1972,F,1201,538,527,1065,2219,33,,,,,313,212,13,72,8,352,161,14,77,12,665,373,27,149,20,35.0%,,,,,,,,,,0.448,0.439,0.887,3530,15.2%,417,84,3892,3780,50.73%,,,,,,,,,,,,,,,,,,,,,,,,,,,,,,,,,,,,,,,,,,,,,,,,,,,,,
34,Frank Mahovlich,1938,F,1181,533,570,1103,1054,266,,,,,400,122,11,82,0,383,182,5,86,0,783,304,16,168,0,27.6%,,,,,,,,,,0.451,0.483,0.934,3363,0.0%,,,,,,,,,,,,,,,,,,,,,,,,,,,,,,,,,,,,,,,,,,,,,,,,,,,,,,,,,,
35,Marian Hossa,1979,F,1309,525,609,1134,628,245,18:40,13:57,3:18,1:24,348,143,34,85,15,366,231,12,106,12,714,374,46,191,27,33.0%,1.289,1.495,2.784,1.142,1.202,2.344,1.98,3.198,5.178,0.401,0.465,0.866,4229,12.4%,662,294,65,126,34.03%,,,,,,,,,,,,,,,,,,,,,,,,,,,,,,,,,,,,,,,,,,,,,,,,,,,,,
36,Bryan Trottier,1956,F,1279,524,901,1425,912,449,,,,,344,161,19,69,1,619,262,20,116,4,963,423,39,185,5,29.7%,,,,,,,,,,0.41,0.704,1.114,2839,18.5%,,,,,,,,,,,,,,,,,,,,,,,,,,,,,,,,,,,,,,,,,,,,,,,,,,,,,,,,,,
37,Pat Verbeek,1964,F,1424,522,540,1062,2905,-46,,,,,332,186,4,67,3,350,184,6,66,7,682,370,10,133,10,34.8%,,,,,,,,,,0.367,0.379,0.746,3285,15.9%,,,6,12,33.33%,,,,,,,,,,,,,,,,,,,,,,,,,,,,,,,,,,,,,,,,,,,,,,,,,,,,,
38,Dale Hawerchuk,1963,F,1188,518,891,1409,740,-98,,,,,324,182,12,49,4,494,386,11,101,9,818,568,23,150,13,40.3%,,,,,,,,,,0.436,0.75,1.186,3754,13.8%,,,,,,,,,,,,,,,,,,,,,,,,,,,,,,,,,,,,,,,,,,,,,,,,,,,,,,,,,,
39,Pierre Turgeon,1969,F,1294,515,812,1327,452,139,,,,,315,190,10,86,11,505,297,10,126,11,820,487,20,212,22,36.7%,,,,,,,,,,0.398,0.628,1.026,3154,16.3%,19,19,3794,3683,50.74%,,,,,,,,,,,,,,,,,,,,,,,,,,,,,,,,,,,,,,,,,,,,,,,,,,,,,
40,Jeremy Roenick,1970,F,1363,513,703,1216,1463,153,,,,,301,184,28,92,5,436,247,20,119,8,737,431,48,211,13,35.4%,,,,,,,,,,0.376,0.516,0.892,3281,15.6%,298,77,4406,4409,49.98%,,,,,,,,,,,,,,,,,,,,,,,,,,,,,,,,,,,,,,,,,,,,,,,,,,,,,
41,Gilbert Perreault,1950,F,1191,512,814,1326,500,41,,,,,370,134,8,81,0,512,298,4,106,2,882,432,12,187,2,32.6%,,,,,,,,,,0.43,0.683,1.113,3077,16.6%,,,,,,,,,,,,,,,,,,,,,,,,,,,,,,,,,,,,,,,,,,,,,,,,,,,,,,,,,,
42,Jean Beliveau,1931,F,1125,507,712,1219,1033,117,,,,,334,173,0,83,0,441,269,2,118,0,775,442,2,201,0,36.3%,,,,,,,,,,0.451,0.633,1.084,2627,0.0%,,,,,,,,,,,,,,,,,,,,,,,,,,,,,,,,,,,,,,,,,,,,,,,,,,,,,,,,,,
43,Peter Bondra,1968,F,1081,503,389,892,761,74,,,,,322,149,32,78,6,254,131,4,56,3,576,280,36,134,9,31.4%,,,,,,,,,,0.465,0.36,0.825,3531,14.3%,52,11,9,28,24.32%,,,,,,,,,,,,,,,,,,,,,,,,,,,,,,,,,,,,,,,,,,,,,,,,,,,,,
44,Joe Mullen,1957,F,1062,502,561,1063,241,167,,,,,341,150,11,73,5,368,189,4,75,3,709,339,15,148,8,31.9%,,,,,,,,,,0.473,0.528,1.001,2787,18.0%,,,,,,,,,,,,,,,,,,,,,,,,,,,,,,,,,,,,,,,,,,,,,,,,,,,,,,,,,,
45,Lanny McDonald,1953,F,1111,500,506,1006,899,39,,,,,350,139,11,54,0,325,177,4,61,0,675,316,15,115,0,31.4%,,,,,,,,,,0.45,0.455,0.905,3445,14.5%,,,,,,,,,,,,,,,,,,,,,,,,,,,,,,,,,,,,,,,,,,,,,,,,,,,,,,,,,,
46,Glenn Anderson,1960,F,1129,498,601,1099,1120,201,,,,,334,151,13,85,5,428,166,7,73,3,762,317,20,158,8,28.8%,,,,,,,,,,0.441,0.532,0.973,3109,16.0%,,,,,,,,,,,,,,,,,,,,,,,,,,,,,,,,,,,,,,,,,,,,,,,,,,,,,,,,,,
47,Jean Ratelle,1940,F,1280,491,776,1267,276,236,,,,,350,137,4,68,0,560,213,3,108,0,910,350,7,176,0,27.6%,,,,,,,,,,0.384,0.606,0.99,2916,16.8%,,,,,,,,,,,,,,,,,,,,,,,,,,,,,,,,,,,,,,,,,,,,,,,,,,,,,,,,,,
48,Norm Ullman,1935,F,1410,490,739,1229,710,7,,,,,366,116,8,60,0,554,172,13,111,0,920,288,21,171,0,23.4%,,,,,,,,,,0.348,0.524,0.872,3426,0.0%,,,,,,,,,,,,,,,,,,,,,,,,,,,,,,,,,,,,,,,,,,,,,,,,,,,,,,,,,,
49,Sidney Crosby,1987,F,1039,486,839,1325,699,183,20:49,15:58,4:22,0:28,337,145,4,69,18,497,335,7,144,18,834,480,11,213,36,36.2%,1.348,2.326,3.674,1.218,1.797,3.015,1.914,4.423,6.337,0.468,0.808,1.275,3331,14.6%,892,502,11 820,10 867,52.10%,,,,,,,,,,,,,,,,,,,,,,,,,,,,,,,,,,,,,,,,,,,,,,,,,,,,,
50,Brian Bellows,1964,F,1188,485,537,1022,718,-120,,,,,274,198,13,58,7,311,217,9,74,4,585,415,22,132,11,40.6%,,,,,,,,,,0.408,0.452,0.86,3587,13.5%,,,0,3,0.00%,,,,,,,,,,,,,,,,,,,,,,,,,,,,,,,,,,,,,,,,,,,,,,,,,,,,,
51,Darryl Sittler,1950,F,1096,484,637,1121,948,57,,,,,324,150,10,57,0,467,160,10,79,0,791,310,20,136,0,27.7%,,,,,,,,,,0.442,0.581,1.023,3815,12.7%,,,,,,,,,,,,,,,,,,,,,,,,,,,,,,,,,,,,,,,,,,,,,,,,,,,,,,,,,,
52,Sergei Fedorov,1969,F,1248,483,696,1179,839,261,,,,,303,144,36,93,15,411,256,29,115,16,714,400,65,208,31,33.9%,,,,,,,,,,0.387,0.558,0.945,3985,12.1%,162,106,6820,5802,54.03%,,,,,,,,,,,,,,,,,,,,,,,,,,,,,,,,,,,,,,,,,,,,,,,,,,,,,
53,Bernie Nicholls,1961,F,1127,475,734,1209,1292,-39,,,,,295,152,28,35,5,431,288,15,87,4,726,440,43,122,9,36.4%,,,,,,,,,,0.421,0.651,1.073,3231,14.7%,,,618,455,57.60%,,,,,,,,,,,,,,,,,,,,,,,,,,,,,,,,,,,,,,,,,,,,,,,,,,,,,
54,Alexander Mogilny,1969,F,990,473,559,1032,432,81,,,,,312,141,20,66,1,337,208,14,76,6,649,349,34,142,7,33.8%,,,,,,,,,,0.478,0.565,1.042,2966,16.0%,14,5,38,91,29.46%,,,,,,,,,,,,,,,,,,,,,,,,,,,,,,,,,,,,,,,,,,,,,,,,,,,,,
55,Denis Savard,1961,F,1196,473,865,1338,1336,103,,,,,326,127,20,56,1,491,361,13,87,4,817,488,33,143,5,36.5%,,,,,,,,,,0.395,0.723,1.119,3142,15.1%,,,,,,,,,,,,,,,,,,,,,,,,,,,,,,,,,,,,,,,,,,,,,,,,,,,,,,,,,,
56,Pat Lafontaine,1965,F,865,468,545,1013,552,-6,,,,,301,156,11,59,4,312,233,0,58,5,613,389,11,117,9,38.4%,,,,,,,,,,0.541,0.63,1.171,2664,17.6%,,,666,561,54.28%,,,,,,,,,,,,,,,,,,,,,,,,,,,,,,,,,,,,,,,,,,,,,,,,,,,,,
57,Alex Delvecchio,1932,F,1550,456,825,1281,383,24,,,,,330,111,15,75,0,544,265,16,118,0,874,376,31,193,0,29.4%,,,,,,,,,,0.294,0.532,0.826,3129,0.0%,,,,,,,,,,,,,,,,,,,,,,,,,,,,,,,,,,,,,,,,,,,,,,,,,,,,,,,,,,
58,Theoren Fleury,1968,F,1084,455,633,1088,1840,145,,,,,295,125,35,67,11,379,239,15,82,9,674,364,50,149,20,33.5%,,,,,,,,,,0.42,0.584,1.004,3611,12.6%,,,1667,1385,54.62%,,,,,,,,,,,,,,,,,,,,,,,,,,,,,,,,,,,,,,,,,,,,,,,,,,,,,
59,Rod Brind'Amour,1970,F,1484,452,732,1184,1100,-39,,,,,275,149,28,67,8,456,248,28,121,12,731,397,56,188,20,33.5%,,,,,,,,,,0.305,0.493,0.798,3290,13.7%,387,231,11 027,7747,58.74%,,,,,,,,,,,,,,,,,,,,,,,,,,,,,,,,,,,,,,,,,,,,,,,,,,,,,
60,Peter Stastny,1956,F,977,450,789,1239,824,-15,,,,,298,145,7,54,2,461,321,7,87,1,759,466,14,141,3,37.6%,,,,,,,,,,0.461,0.808,1.268,2374,19.0%,,,,,,,,,,,,,,,,,,,,,,,,,,,,,,,,,,,,,,,,,,,,,,,,,,,,,,,,,,
61,Doug Gilmour,1963,F,1474,450,964,1414,1301,129,,,,,279,153,18,56,3,603,335,26,144,15,882,488,44,200,18,34.5%,,,,,,,,,,0.305,0.654,0.959,2834,15.9%,,,2934,2641,52.63%,,,,,,,,,,,,,,,,,,,,,,,,,,,,,,,,,,,,,,,,,,,,,,,,,,,,,
62,Rick Middleton,1953,F,1005,448,540,988,157,175,,,,,308,115,25,59,1,358,164,18,82,3,666,279,43,141,4,28.2%,,,,,,,,,,0.446,0.537,0.983,2272,19.7%,,,,,,,,,,,,,,,,,,,,,,,,,,,,,,,,,,,,,,,,,,,,,,,,,,,,,,,,,,
63,Daniel Alfredsson,1972,F,1246,444,713,1157,510,155,,,,,284,135,25,73,6,402,293,18,119,15,686,428,43,192,21,37.0%,,,,,,,,,,0.356,0.572,0.929,3471,12.8%,435,274,149,269,35.65%,,,,,,,,,,,,,,,,,,,,,,,,,,,,,,,,,,,,,,,,,,,,,,,,,,,,,
64,Ilya Kovalchuk,1983,F,926,443,433,876,544,-146,21:09,15:30,5:17,0:21,289,144,10,64,17,243,185,5,61,16,532,329,15,125,33,37.6%,1.357,1.326,2.682,1.208,1.015,2.223,1.764,2.267,4.031,0.478,0.468,0.946,3223,13.7%,399,186,140,248,36.08%,,,,,,,,,,,,,,,,,,,,,,,,,,,,,,,,,,,,,,,,,,,,,,,,,,,,,
65,Rick Vaive,1959,F,876,441,347,788,1445,-79,,,,,287,143,11,52,3,240,104,3,42,5,527,247,14,94,8,31.3%,,,,,,,,,,0.503,0.396,0.9,2603,16.9%,,,,,,,,,,,,,,,,,,,,,,,,,,,,,,,,,,,,,,,,,,,,,,,,,,,,,,,,,,
66,Steve Larmer,1961,F,1006,441,571,1012,532,203,,,,,255,162,24,60,1,335,205,31,85,4,590,367,55,145,5,36.3%,,,,,,,,,,0.438,0.568,1.006,2807,15.7%,,,,,,,,,,,,,,,,,,,,,,,,,,,,,,,,,,,,,,,,,,,,,,,,,,,,,,,,,,
67,Eric Staal,1984,F,1293,441,593,1034,828,-77,19:23,15:02,3:31,0:49,289,133,19,71,5,401,184,8,94,12,690,317,27,165,17,30.7%,1.055,1.419,2.474,0.891,1.237,2.128,1.75,2.421,4.172,0.341,0.459,0.8,3935,11.2%,897,484,9720,10 431,48.24%,,,,,,,,,,,,,,,,,,,,,,,,,,,,,,,,,,,,,,,,,,,,,,,,,,,,,
68,Rick Tocchet,1964,F,1144,440,512,952,2970,84,,,,,297,130,13,50,2,377,132,3,79,6,674,262,16,129,8,27.5%,,,,,,,,,,0.385,0.448,0.832,2806,15.7%,,,3,7,30.00%,,,,,,,,,,,,,,,,,,,,,,,,,,,,,,,,,,,,,,,,,,,,,,,,,,,,,
69,Steven Stamkos,1990,F,841,439,427,866,515,48,19:19,15:03,3:42,0:33,269,165,5,62,8,277,147,3,70,13,546,312,8,132,21,36.0%,1.621,1.576,3.197,1.275,1.313,2.587,3.174,2.827,6.001,0.522,0.508,1.03,2589,17.0%,910,358,5002,5062,49.70%,,,,,,,,,,,,,,,,,,,,,,,,,,,,,,,,,,,,,,,,,,,,,,,,,,,,,
70,Gary Roberts,1966,F,1224,438,472,910,2560,229,,,,,316,109,13,52,5,362,106,4,73,8,678,215,17,125,13,23.6%,,,,,,,,,,0.358,0.386,0.743,2374,18.5%,284,36,61,73,45.52%,,,,,,,,,,,,,,,,,,,,,,,,,,,,,,,,,,,,,,,,,,,,,,,,,,,,,
71,Pavel Bure,1971,F,702,437,342,779,484,42,,,,,282,121,34,59,6,212,115,15,52,3,494,236,49,111,9,30.3%,,,,,,,,,,0.623,0.487,1.11,3130,14.0%,,,30,89,25.21%,,,,,,,,,,,,,,,,,,,,,,,,,,,,,,,,,,,,,,,,,,,,,,,,,,,,,
72,Rick Nash,1984,F,1060,437,368,805,750,-11,18:19,13:53,3:18,1:08,304,111,22,73,7,238,121,9,42,4,542,232,31,115,11,28.8%,1.35,1.137,2.486,1.239,0.97,2.209,1.904,2.075,3.978,0.412,0.347,0.759,3624,12.1%,853,345,147,235,38.48%,,,,,,,,,,,,,,,,,,,,,,,,,,,,,,,,,,,,,,,,,,,,,,,,,,,,,
73,Vincent Damphousse,1967,F,1378,432,773,1205,1188,7,,,,,285,130,17,78,5,478,276,19,95,6,763,406,36,173,11,33.7%,,,,,,,,,,0.313,0.561,0.874,3511,12.3%,,,4659,4711,49.72%,,,,,,,,,,,,,,,,,,,,,,,,,,,,,,,,,,,,,,,,,,,,,,,,,,,,,
74,Dave Taylor,1955,F,1111,431,638,1069,1589,186,,,,,304,123,4,47,3,439,196,3,69,3,743,319,7,116,6,29.8%,,,,,,,,,,0.388,0.574,0.962,2417,17.8%,,,,,,,,,,,,,,,,,,,,,,,,,,,,,,,,,,,,,,,,,,,,,,,,,,,,,,,,,,
75,Alexei Kovalev,1973,F,1316,430,599,1029,1304,-31,,,,,288,133,9,70,8,343,247,9,86,8,631,380,18,156,16,36.9%,,,,,,,,,,0.327,0.455,0.782,3585,12.0%,288,133,622,782,44.30%,,,,,,,,,,,,,,,,,,,,,,,,,,,,,,,,,,,,,,,,,,,,,,,,,,,,,
76,Bill Guerin,1970,F,1263,429,427,856,1660,51,,,,,297,130,2,77,9,291,135,1,74,6,588,265,3,151,15,31.0%,,,,,,,,,,0.34,0.338,0.678,3693,11.6%,359,93,164,209,43.97%,,,,,,,,,,,,,,,,,,,,,,,,,,,,,,,,,,,,,,,,,,,,,,,,,,,,,
77,Yvan Cournoyer,1943,F,968,428,435,863,233,254,,,,,275,152,1,68,0,273,162,0,51,0,548,314,1,119,0,36.4%,,,,,,,,,,0.442,0.449,0.892,2427,17.6%,,,,,,,,,,,,,,,,,,,,,,,,,,,,,,,,,,,,,,,,,,,,,,,,,,,,,,,,,,
78,Brian Propp,1959,F,1016,425,579,1004,825,298,,,,,283,120,22,59,1,348,203,28,80,3,631,323,50,139,4,32.2%,,,,,,,,,,0.418,0.57,0.988,3119,13.6%,,,,,,,,,,,,,,,,,,,,,,,,,,,,,,,,,,,,,,,,,,,,,,,,,,,,,,,,,,
79,Joe Thornton,1979,F,1679,425,1104,1529,1262,192,18:53,14:43,3:32,0:37,276,143,6,67,9,696,402,6,183,22,972,545,12,250,31,35.6%,0.804,2.089,2.893,0.67,1.69,2.36,1.445,4.062,5.507,0.253,0.658,0.911,3039,14.0%,766,396,13 329,12 032,52.56%,,,,,,,,,,,,,,,,,,,,,,,,,,,,,,,,,,,,,,,,,,,,,,,,,,,,,
80,Steve Shutt,1952,F,930,424,393,817,410,394,,,,,329,95,0,50,0,310,82,1,57,0,639,177,1,107,0,21.7%,,,,,,,,,,0.456,0.423,0.878,2403,17.6%,,,,,,,,,,,,,,,,,,,,,,,,,,,,,,,,,,,,,,,,,,,,,,,,,,,,,,,,,,
81,Evgeni Malkin,1986,F,940,424,680,1104,984,69,19:54,15:14,4:24,0:16,267,153,4,73,12,414,265,1,118,19,681,418,5,191,31,37.9%,1.359,2.18,3.539,1.118,1.734,2.852,2.219,3.844,6.064,0.451,0.723,1.174,3117,13.6%,576,382,4735,5968,44.24%,,,,,,,,,,,,,,,,,,,,,,,,,,,,,,,,,,,,,,,,,,,,,,,,,,,,,
82,Owen Nolan,1972,F,1200,422,463,885,1793,-40,,,,,244,155,23,53,3,299,150,14,69,1,543,305,37,122,4,34.5%,,,,,,,,,,0.352,0.386,0.738,3128,13.5%,223,73,2074,2137,49.25%,,,,,,,,,,,,,,,,,,,,,,,,,,,,,,,,,,,,,,,,,,,,,,,,,,,,,
83,Stephane Richer,1966,F,1054,421,398,819,614,76,,,,,315,93,13,72,7,281,111,6,63,3,596,204,19,135,10,24.9%,,,,,,,,,,0.399,0.378,0.777,2849,14.8%,,,35,63,35.71%,,,,,,,,,,,,,,,,,,,,,,,,,,,,,,,,,,,,,,,,,,,,,,,,,,,,,
84,Vincent Lecavalier,1980,F,1212,421,528,949,848,-140,18:25,14:00,3:47,0:37,281,127,13,63,9,324,194,10,76,6,605,321,23,139,15,33.8%,1.131,1.419,2.55,0.993,1.144,2.137,1.659,2.535,4.194,0.347,0.436,0.783,3468,12.1%,941,251,8815,9777,47.41%,,,,,,,,,,,,,,,,,,,,,,,,,,,,,,,,,,,,,,,,,,,,,,,,,,,,,
85,Steve Thomas,1963,F,1235,421,512,933,1306,20,,,,,315,106,0,78,13,369,142,1,78,10,684,248,1,156,23,26.6%,,,,,,,,,,0.341,0.415,0.755,3167,13.3%,,,16,33,32.65%,,,,,,,,,,,,,,,,,,,,,,,,,,,,,,,,,,,,,,,,,,,,,,,,,,,,,
86,Bill Barber,1952,F,903,420,463,883,623,312,,,,,285,104,31,54,0,267,176,20,62,2,552,280,51,116,2,31.7%,,,,,,,,,,0.465,0.513,0.978,3238,13.0%,,,,,,,,,,,,,,,,,,,,,,,,,,,,,,,,,,,,,,,,,,,,,,,,,,,,,,,,,,
87,Jason Arnott,1974,F,1244,417,521,938,1242,81,,,,,270,145,2,64,6,342,178,1,87,8,612,323,3,151,14,34.4%,,,,,,,,,,0.335,0.419,0.754,3460,12.1%,294,133,7167,7121,50.16%,,,,,,,,,,,,,,,,,,,,,,,,,,,,,,,,,,,,,,,,,,,,,,,,,,,,,
88,Tony Amonte,1970,F,1174,416,484,900,752,96,,,,,285,108,23,58,6,318,158,8,81,5,603,266,31,139,11,29.6%,,,,,,,,,,0.354,0.412,0.767,3260,12.8%,61,77,86,166,34.13%,,,,,,,,,,,,,,,,,,,,,,,,,,,,,,,,,,,,,,,,,,,,,,,,,,,,,
89,Garry Unger,1947,F,1105,413,391,804,1075,-131,,,,,304,105,4,54,0,272,115,4,55,0,576,220,8,109,0,27.4%,,,,,,,,,,0.374,0.354,0.728,3434,12.0%,,,,,,,,,,,,,,,,,,,,,,,,,,,,,,,,,,,,,,,,,,,,,,,,,,,,,,,,,,
90,John MacLean,1964,F,1194,413,429,842,1328,43,,,,,285,115,13,63,3,302,119,8,59,6,587,234,21,122,9,27.8%,,,,,,,,,,0.346,0.359,0.705,3324,12.4%,,,44,44,50.00%,,,,,,,,,,,,,,,,,,,,,,,,,,,,,,,,,,,,,,,,,,,,,,,,,,,,,
91,Ray Bourque,1960,D,1612,410,1169,1579,1141,527,,,,,221,173,16,60,5,553,588,28,166,13,774,761,44,226,18,48.2%,,,,,,,,,,0.254,0.725,0.98,6209,6.6%,,,0,3,0.00%,,,,,,,,,,,,,,,,,,,,,,,,,,,,,,,,,,,,,,,,,,,,,,,,,,,,,
92,Patrik Eliá_,1976,F,1240,408,617,1025,549,172,,,,,279,113,16,80,16,380,220,17,133,21,659,333,33,213,37,32.5%,,,,,,,,,,0.329,0.498,0.827,3287,12.4%,401,184,2476,3289,42.95%,,,,,,,,,,,,,,,,,,,,,,,,,,,,,,,,,,,,,,,,,,,,,,,,,,,,,
93,Ray Ferraro,1964,F,1258,408,490,898,1288,-104,,,,,278,130,0,45,6,340,148,2,61,3,618,278,2,106,9,31.0%,,,,,,,,,,0.324,0.39,0.714,2163,18.9%,,,2808,2974,48.56%,,,,,,,,,,,,,,,,,,,,,,,,,,,,,,,,,,,,,,,,,,,,,,,,,,,,,
94,Marian Gaborik,1982,F,1035,407,408,815,492,95,17:43,14:04,3:15,0:22,290,110,7,71,11,258,147,3,69,8,548,257,10,140,19,31.5%,1.331,1.335,2.666,1.194,1.063,2.257,1.954,2.611,4.565,0.393,0.394,0.787,3207,12.7%,422,212,25,69,26.60%,,,,,,,,,,,,,,,,,,,,,,,,,,,,,,,,,,,,,,,,,,,,,,,,,,,,,
95,John Leclair,1969,F,967,406,413,819,501,204,,,,,287,118,1,65,5,307,106,0,60,4,594,224,1,125,9,27.4%,,,,,,,,,,0.42,0.427,0.847,2611,15.6%,54,37,22,36,37.93%,,,,,,,,,,,,,,,,,,,,,,,,,,,,,,,,,,,,,,,,,,,,,,,,,,,,,
96,Rod Gilbert,1941,F,1065,406,615,1021,510,38,,,,,298,108,0,52,0,400,215,0,86,0,698,323,0,138,0,31.6%,,,,,,,,,,0.381,0.577,0.959,3142,12.9%,,,,,,,,,,,,,,,,,,,,,,,,,,,,,,,,,,,,,,,,,,,,,,,,,,,,,,,,,,
97,Patrick Kane,1988,F,1029,404,684,1088,392,62,20:12,16:36,3:31,0:03,293,111,0,65,9,445,238,1,113,21,738,349,1,178,30,32.1%,1.166,1.974,3.14,1.028,1.562,2.59,1.835,3.934,5.769,0.393,0.665,1.057,3397,11.9%,278,217,318,505,38.64%,,,,,,,,,,,,,,,,,,,,,,,,,,,,,,,,,,,,,,,,,,,,,,,,,,,,,
98,John Ogrodnick,1959,F,928,402,425,827,260,-63,,,,,271,121,10,45,1,281,139,5,44,3,552,260,15,89,4,31.4%,,,,,,,,,,0.433,0.458,0.891,2815,14.3%,,,,,,,,,,,,,,,,,,,,,,,,,,,,,,,,,,,,,,,,,,,,,,,,,,,,,,,,,,
99,Paul Kariya,1974,F,989,402,587,989,399,31,,,,,246,139,17,53,4,330,251,6,106,14,576,390,23,159,18,39.4%,,,,,,,,,,0.406,0.594,1,3509,11.5%,95,145,233,337,40.88%,,,,,,,,,,,,,,,,,,,,,,,,,,,,,,,,,,,,,,,,,,,,,,,,,,,,,
100,Shane Doan,1976,F,1540,402,570,972,1353,-54,,,,,268,128,6,69,11,372,185,13,90,10,640,313,19,159,21,32.2%,,,,,,,,,,0.261,0.37,0.631,3945,10.2%,1856,267,1028,1353,43.18%,,,,,,,,,,,,,,,,,,,,,,,,,,,,,,,,,,,,,,,,,,,,,,,,,,,,,
101,Jeff Carter,1985,F,1094,399,363,762,555,40,18:00,13:49,2:42,1:29,267,114,18,84,14,253,105,5,66,10,520,219,23,150,24,28.7%,1.215,1.105,2.32,1.06,1.004,2.064,2.311,2.129,4.44,0.365,0.332,0.697,3538,11.3%,904,526,7575,7472,50.34%,,,,,,,,,,,,,,,,,,,,,,,,,,,,,,,,,,,,,,,,,,,,,,,,,,,,,
102,Dave Keon,1940,F,1296,396,590,986,117,61,,,,,297,67,32,65,0,418,156,16,84,0,715,223,48,149,0,22.6%,,,,,,,,,,0.306,0.455,0.761,3946,10.0%,,,,,,,,,,,,,,,,,,,,,,,,,,,,,,,,,,,,,,,,,,,,,,,,,,,,,,,,,,
103,Paul Coffey,1961,D,1409,396,1135,1531,1802,298,,,,,241,135,20,43,1,575,529,31,140,11,816,664,51,183,12,43.4%,,,,,,,,,,0.281,0.806,1.087,4389,9.0%,,,0,0,0.00%,,,,,,,,,,,,,,,,,,,,,,,,,,,,,,,,,,,,,,,,,,,,,,,,,,,,,
104,Cam Neely,1965,F,726,395,299,694,1241,83,,,,,252,142,1,61,2,212,86,1,40,6,464,228,2,101,8,32.9%,,,,,,,,,,0.544,0.412,0.956,2150,18.4%,,,,,,,,,,,,,,,,,,,,,,,,,,,,,,,,,,,,,,,,,,,,,,,,,,,,,,,,,,
105,Pierre Larouche,1955,F,812,395,427,822,237,-29,,,,,280,114,1,36,0,297,127,3,61,3,577,241,4,97,3,29.3%,,,,,,,,,,0.486,0.526,1.012,2298,17.2%,,,,,,,,,,,,,,,,,,,,,,,,,,,,,,,,,,,,,,,,,,,,,,,,,,,,,,,,,,
106,Markus Näslund,1973,F,1117,395,474,869,736,6,,,,,263,126,6,53,5,270,202,2,67,11,533,328,8,120,16,37.7%,,,,,,,,,,0.354,0.424,0.778,3046,13.0%,127,100,32,51,38.55%,,,,,,,,,,,,,,,,,,,,,,,,,,,,,,,,,,,,,,,,,,,,,,,,,,,,,
107,Tomas Sandström,1964,F,983,394,462,856,1193,8,,,,,265,119,10,44,8,289,167,6,57,6,554,286,16,101,14,33.4%,,,,,,,,,,0.401,0.47,0.871,2740,14.4%,,,12,22,35.29%,,,,,,,,,,,,,,,,,,,,,,,,,,,,,,,,,,,,,,,,,,,,,,,,,,,,,
108,Joe Pavelski,1984,F,1086,394,449,843,416,136,18:46,14:28,3:06,1:10,244,140,10,67,4,272,170,7,85,15,516,310,17,152,19,36.8%,1.16,1.322,2.481,0.931,1.038,1.969,2.486,3.019,5.506,0.363,0.413,0.776,3112,12.7%,1108,936,7075,5849,54.74%,,,,,,,,,,,,,,,,,,,,,,,,,,,,,,,,,,,,,,,,,,,,,,,,,,,,,
109,Bernie Geoffrion,1931,F,883,393,429,822,683,39,,,,,271,120,2,75,0,247,182,0,70,0,518,302,2,145,0,36.7%,,,,,,,,,,0.445,0.486,0.931,1404,0.0%,,,,,,,,,,,,,,,,,,,,,,,,,,,,,,,,,,,,,,,,,,,,,,,,,,,,,,,,,,
110,Zach Parise,1984,F,1060,393,417,810,384,78,18:16,14:31,3:02,0:41,266,120,7,76,8,283,125,9,93,10,549,245,16,169,18,30.2%,1.217,1.292,2.509,1.036,1.102,2.139,2.23,2.323,4.552,0.371,0.393,0.764,3406,11.5%,827,603,360,468,43.48%,,,,,,,,,,,,,,,,,,,,,,,,,,,,,,,,,,,,,,,,,,,,,,,,,,,,,
111,Daniel Sedin,1980,F,1306,393,648,1041,546,147,17:00,13:18,3:17,0:24,255,138,0,86,16,415,229,4,110,15,670,367,4,196,31,35.3%,1.062,1.751,2.812,0.88,1.432,2.313,1.929,3.201,5.13,0.301,0.496,0.797,3474,11.3%,243,180,179,283,38.74%,,,,,,,,,,,,,,,,,,,,,,,,,,,,,,,,,,,,,,,,,,,,,,,,,,,,,
112,Jean Pronovost,1945,F,998,391,383,774,413,49,,,,,289,85,17,57,0,258,112,13,49,0,547,197,30,106,0,25.5%,,,,,,,,,,0.392,0.384,0.776,2784,14.0%,,,,,,,,,,,,,,,,,,,,,,,,,,,,,,,,,,,,,,,,,,,,,,,,,,,,,,,,,,
113,Phil Kessel,1987,F,1122,391,513,904,332,-124,18:07,14:51,3:13,0:03,275,115,1,70,11,318,195,0,84,14,593,310,1,154,25,34.3%,1.153,1.513,2.666,0.99,1.145,2.135,1.909,3.236,5.145,0.348,0.457,0.806,3525,11.1%,186,266,453,630,41.83%,,,,,,,,,,,,,,,,,,,,,,,,,,,,,,,,,,,,,,,,,,,,,,,,,,,,,
114,Martin St. Louis,1975,F,1134,391,642,1033,310,37,20:21,15:19,3:41,1:21,261,101,29,66,10,409,216,17,102,13,670,317,46,168,23,30.7%,1.016,1.668,2.684,0.901,1.413,2.314,1.45,3.101,4.551,0.345,0.566,0.911,2884,13.6%,252,418,352,502,41.22%,,,,,,,,,,,,,,,,,,,,,,,,,,,,,,,,,,,,,,,,,,,,,,,,,,,,,
115,Dean Prentice,1932,F,1378,391,469,860,487,-82,,,,,292,91,8,47,0,380,83,6,56,0,672,174,14,103,0,20.2%,,,,,,,,,,0.284,0.34,0.624,2573,0.0%,,,,,,,,,,,,,,,,,,,,,,,,,,,,,,,,,,,,,,,,,,,,,,,,,,,,,,,,,,
116,Corey Perry,1985,F,1094,386,432,818,1219,70,17:41,14:16,3:02,0:22,275,105,6,65,6,276,152,4,74,3,551,257,10,139,9,31.4%,1.196,1.339,2.536,1.057,1.061,2.117,1.893,2.74,4.633,0.353,0.395,0.748,3009,12.8%,1088,405,91,216,29.64%,,,,,,,,,,,,,,,,,,,,,,,,,,,,,,,,,,,,,,,,,,,,,,,,,,,,,
117,Ryan Smyth,1976,F,1270,386,456,842,976,-54,,,,,219,159,8,56,6,327,122,7,73,7,546,281,15,129,13,33.4%,,,,,,,,,,0.304,0.359,0.663,3433,11.2%,355,251,813,942,46.32%,,,,,,,,,,,,,,,,,,,,,,,,,,,,,,,,,,,,,,,,,,,,,,,,,,,,,
118,Ray Whitney,1972,F,1330,385,679,1064,465,-79,,,,,268,112,5,45,6,365,311,3,119,17,633,423,8,164,23,39.8%,,,,,,,,,,0.289,0.511,0.8,3040,12.7%,167,181,436,525,45.37%,,,,,,,,,,,,,,,,,,,,,,,,,,,,,,,,,,,,,,,,,,,,,,,,,,,,,
119,Rick Martin,1951,F,685,384,317,701,477,14,,,,,269,115,0,47,0,213,104,0,42,0,482,219,0,89,0,31.2%,,,,,,,,,,0.561,0.463,1.023,2516,15.3%,,,,,,,,,,,,,,,,,,,,,,,,,,,,,,,,,,,,,,,,,,,,,,,,,,,,,,,,,,
120,Reggie Leach,1950,F,934,381,285,666,387,127,,,,,288,88,5,58,0,210,72,3,29,0,498,160,8,87,0,24.0%,,,,,,,,,,0.408,0.305,0.713,2869,13.3%,,,,,,,,,,,,,,,,,,,,,,,,,,,,,,,,,,,,,,,,,,,,,,,,,,,,,,,,,,
121,Ted Lindsay,1925,F,1068,379,472,851,1808,9,,,,,277,93,9,58,0,346,125,1,84,0,623,218,10,142,0,25.6%,,,,,,,,,,0.355,0.442,0.797,209,0.0%,,,,,,,,,,,,,,,,,,,,,,,,,,,,,,,,,,,,,,,,,,,,,,,,,,,,,,,,,,
122,Claude Lemieux,1965,F,1215,379,407,786,1777,14,,,,,259,114,6,58,3,273,125,9,62,3,532,239,15,120,6,30.4%,,,,,,,,,,0.312,0.335,0.647,3650,10.4%,34,3,222,324,40.66%,,,,,,,,,,,,,,,,,,,,,,,,,,,,,,,,,,,,,,,,,,,,,,,,,,,,,
123,Milan Hejduk,1976,F,1020,375,430,805,316,101,18:35,14:11,3:30,0:53,229,140,6,59,9,280,145,5,65,9,509,285,11,124,18,35.4%,1.187,1.361,2.548,0.949,1.161,2.11,2.352,2.436,4.788,0.368,0.422,0.789,2667,14.1%,154,188,248,338,42.32%,,,,,,,,,,,,,,,,,,,,,,,,,,,,,,,,,,,,,,,,,,,,,,,,,,,,,
124,Butch Goring,1949,F,1107,375,513,888,102,-26,,,,,265,71,39,40,0,330,174,9,64,1,595,245,48,104,1,27.6%,,,,,,,,,,0.339,0.463,0.802,2275,16.5%,,,,,,,,,,,,,,,,,,,,,,,,,,,,,,,,,,,,,,,,,,,,,,,,,,,,,,,,,,
125,Patrice Bergeron,1985,F,1143,375,542,917,440,228,18:48,13:43,3:05,1:58,241,114,20,70,9,349,170,23,92,13,590,284,43,162,22,31.0%,1.047,1.513,2.56,0.921,1.334,2.256,1.935,2.885,4.82,0.328,0.474,0.802,3432,10.9%,828,748,13 148,9754,57.41%,,,,,,,,,,,,,,,,,,,,,,,,,,,,,,,,,,,,,,,,,,,,,,,,,,,,,
126,Trevor Linden,1970,F,1382,375,492,867,895,-64,,,,,238,119,18,41,0,316,163,13,62,10,554,282,31,103,10,32.5%,,,,,,,,,,0.271,0.356,0.627,2704,13.9%,158,69,4071,3602,53.06%,,,,,,,,,,,,,,,,,,,,,,,,,,,,,,,,,,,,,,,,,,,,,,,,,,,,,
127,Thomas Vanek,1984,F,1029,373,416,789,547,5,16:18,12:57,3:12,0:07,233,137,3,56,6,285,131,0,70,6,518,268,3,126,12,34.0%,1.334,1.488,2.822,1.048,1.282,2.33,2.488,2.379,4.868,0.362,0.404,0.767,2609,14.3%,437,245,105,197,34.77%,,,,,,,,,,,,,,,,,,,,,,,,,,,,,,,,,,,,,,,,,,,,,,,,,,,,,
128,Eric Lindros,1973,F,760,372,493,865,1398,215,,,,,254,111,7,46,6,339,152,2,81,4,593,263,9,127,10,30.4%,,,,,,,,,,0.489,0.649,1.138,2312,16.1%,126,16,4474,3398,56.83%,,,,,,,,,,,,,,,,,,,,,,,,,,,,,,,,,,,,,,,,,,,,,,,,,,,,,
129,Dany Heatley,1981,F,869,372,419,791,620,38,20:01,15:10,4:08,0:42,221,143,8,64,5,259,155,5,59,5,480,298,13,123,10,37.7%,1.283,1.445,2.727,1.006,1.179,2.185,2.384,2.584,4.968,0.428,0.482,0.91,2565,14.5%,619,267,285,373,43.31%,,,,,,,,,,,,,,,,,,,,,,,,,,,,,,,,,,,,,,,,,,,,,,,,,,,,,
130,Rick Kehoe,1951,F,906,371,396,767,120,-76,,,,,268,102,1,34,0,257,138,1,37,1,525,240,2,71,1,31.3%,,,,,,,,,,0.409,0.437,0.847,2631,14.1%,,,,,,,,,,,,,,,,,,,,,,,,,,,,,,,,,,,,,,,,,,,,,,,,,,,,,,,,,,
131,Tim Kerr,1960,F,655,370,304,674,596,77,,,,,221,149,0,46,1,200,104,0,40,1,421,253,0,86,2,37.5%,,,,,,,,,,0.565,0.464,1.029,1980,18.7%,,,,,,,,,,,,,,,,,,,,,,,,,,,,,,,,,,,,,,,,,,,,,,,,,,,,,,,,,,
132,Bernie Federko,1956,F,1000,369,761,1130,487,-131,,,,,247,120,2,40,0,456,305,0,91,9,703,425,2,131,9,37.6%,,,,,,,,,,0.369,0.761,1.13,2074,17.8%,,,,,,,,,,,,,,,,,,,,,,,,,,,,,,,,,,,,,,,,,,,,,,,,,,,,,,,,,,
133,Geoff Courtnall,1962,F,1048,367,432,799,1463,118,,,,,258,107,2,55,7,302,128,2,62,2,560,235,4,117,9,29.4%,,,,,,,,,,0.35,0.412,0.762,3087,11.9%,,,1,5,16.67%,,,,,,,,,,,,,,,,,,,,,,,,,,,,,,,,,,,,,,,,,,,,,,,,,,,,,
134,Jacques Lemaire,1945,F,853,366,469,835,217,344,,,,,274,88,4,58,0,339,128,2,75,0,613,216,6,133,0,25.9%,,,,,,,,,,0.429,0.55,0.979,3052,12.0%,,,,,,,,,,,,,,,,,,,,,,,,,,,,,,,,,,,,,,,,,,,,,,,,,,,,,,,,,,
135,John Tavares,1990,F,869,364,455,819,379,-17,19:47,16:09,3:18,0:18,255,106,3,56,15,293,159,3,57,13,548,265,6,113,28,32.4%,1.27,1.588,2.858,1.089,1.251,2.341,2.207,3.311,5.518,0.419,0.524,0.942,2749,13.2%,459,347,8199,7542,52.09%,,,,,,,,,,,,,,,,,,,,,,,,,,,,,,,,,,,,,,,,,,,,,,,,,,,,,
136,Scott Mellanby,1966,F,1431,364,476,840,2479,-37,,,,,223,140,1,56,0,340,135,1,64,3,563,275,2,120,3,32.7%,,,,,,,,,,0.254,0.333,0.587,2960,12.3%,116,41,59,77,43.38%,,,,,,,,,,,,,,,,,,,,,,,,,,,,,,,,,,,,,,,,,,,,,,,,,,,,,
137,Peter McNab,1952,F,955,363,450,813,179,128,,,,,279,83,1,47,1,338,111,1,68,1,617,194,2,115,2,23.9%,,,,,,,,,,0.38,0.471,0.851,1959,18.5%,,,,,,,,,,,,,,,,,,,,,,,,,,,,,,,,,,,,,,,,,,,,,,,,,,,,,,,,,,
138,Miroslav Satan,1974,F,1050,363,372,735,464,20,,,,,227,120,16,50,4,243,121,8,59,7,470,241,24,109,11,32.8%,,,,,,,,,,0.346,0.354,0.7,2582,14.1%,122,89,341,314,52.06%,,,,,,,,,,,,,,,,,,,,,,,,,,,,,,,,,,,,,,,,,,,,,,,,,,,,,
139,Brent Sutter,1962,F,1111,363,466,829,1054,166,,,,,236,109,18,47,2,336,120,10,64,6,572,229,28,111,8,27.6%,,,,,,,,,,0.327,0.419,0.746,2395,15.2%,,,351,336,51.09%,,,,,,,,,,,,,,,,,,,,,,,,,,,,,,,,,,,,,,,,,,,,,,,,,,,,,
140,Ivan Boldirev,1949,F,1052,361,505,866,507,-197,,,,,256,102,3,42,0,350,155,0,52,0,606,257,3,94,0,29.7%,,,,,,,,,,0.343,0.48,0.823,2515,14.4%,,,,,,,,,,,,,,,,,,,,,,,,,,,,,,,,,,,,,,,,,,,,,,,,,,,,,,,,,,
141,Bobby Clarke,1949,F,1144,358,852,1210,1453,507,,,,,227,99,32,38,1,583,234,35,127,0,810,333,67,165,1,27.5%,,,,,,,,,,0.313,0.745,1.058,2576,13.9%,,,,,,,,,,,,,,,,,,,,,,,,,,,,,,,,,,,,,,,,,,,,,,,,,,,,,,,,,,
142,Henri Richard,1936,F,1258,358,688,1046,932,243,,,,,311,47,0,53,0,572,115,1,107,0,883,162,1,160,0,15.5%,,,,,,,,,,0.285,0.547,0.831,3199,0.0%,,,,,,,,,,,,,,,,,,,,,,,,,,,,,,,,,,,,,,,,,,,,,,,,,,,,,,,,,,
143,Ray Sheppard,1966,F,817,357,300,657,212,10,,,,,231,125,1,52,3,196,102,2,40,1,427,227,3,92,4,34.6%,,,,,,,,,,0.437,0.367,0.804,2114,16.9%,,,8,7,53.33%,,,,,,,,,,,,,,,,,,,,,,,,,,,,,,,,,,,,,,,,,,,,,,,,,,,,,
144,Bobby Smith,1958,F,1077,357,679,1036,919,-8,,,,,231,125,1,51,3,422,254,3,78,1,653,379,4,129,4,36.6%,,,,,,,,,,0.331,0.63,0.962,2706,13.2%,,,,,,,,,,,,,,,,,,,,,,,,,,,,,,,,,,,,,,,,,,,,,,,,,,,,,,,,,,
145,Kirk Muller,1966,F,1349,357,602,959,1228,-147,,,,,211,134,12,47,5,413,176,13,83,8,624,310,25,130,13,32.3%,,,,,,,,,,0.265,0.446,0.711,2792,12.8%,,,1740,1737,50.04%,,,,,,,,,,,,,,,,,,,,,,,,,,,,,,,,,,,,,,,,,,,,,,,,,,,,,
146,Dennis Maruk,1955,F,888,356,522,878,761,-78,,,,,253,89,14,26,0,347,170,5,57,0,600,259,19,83,0,29.5%,,,,,,,,,,0.401,0.588,0.989,2229,16.0%,,,,,,,,,,,,,,,,,,,,,,,,,,,,,,,,,,,,,,,,,,,,,,,,,,,,,,,,,,
147,Wilf Paiement,1955,F,946,356,458,814,1759,-142,,,,,254,83,19,29,0,324,129,5,34,2,578,212,24,63,2,26.0%,,,,,,,,,,0.376,0.484,0.86,2719,13.1%,,,,,,,,,,,,,,,,,,,,,,,,,,,,,,,,,,,,,,,,,,,,,,,,,,,,,,,,,,
148,Vyacheslav Kozlov,1972,F,1182,356,497,853,704,96,,,,,253,99,4,56,7,289,201,7,75,10,542,300,11,131,17,35.2%,,,,,,,,,,0.301,0.42,0.722,2843,12.5%,141,85,469,682,40.75%,,,,,,,,,,,,,,,,,,,,,,,,,,,,,,,,,,,,,,,,,,,,,,,,,,,,,
149,Mike Foligno,1959,F,1018,355,372,727,2047,98,,,,,268,85,2,50,1,283,85,4,40,1,551,170,6,90,2,23.4%,,,,,,,,,,0.349,0.365,0.714,2124,16.7%,,,,,,,,,,,,,,,,,,,,,,,,,,,,,,,,,,,,,,,,,,,,,,,,,,,,,,,,,,
150,Greg Adams,1963,F,1056,355,388,743,321,-48,,,,,226,122,7,31,0,261,116,11,49,5,487,238,18,80,5,32.0%,,,,,,,,,,0.336,0.367,0.704,2325,15.3%,,,251,242,50.91%,,,,,,,,,,,,,,,,,,,,,,,,,,,,,,,,,,,,,,,,,,,,,,,,,,,,,
151,Geoff Sanderson,1972,F,1104,355,345,700,511,-100,,,,,232,116,7,48,6,230,111,4,43,3,462,227,11,91,9,32.4%,,,,,,,,,,0.322,0.313,0.634,3072,11.6%,57,33,853,965,46.92%,,,,,,,,,,,,,,,,,,,,,,,,,,,,,,,,,,,,,,,,,,,,,,,,,,,,,
152,Kevin Dineen,1963,F,1188,355,405,760,2229,-24,,,,,250,91,14,56,5,272,124,9,50,2,522,215,23,106,7,28.3%,,,,,,,,,,0.299,0.341,0.64,2769,12.8%,,,17,39,30.36%,,,,,,,,,,,,,,,,,,,,,,,,,,,,,,,,,,,,,,,,,,,,,,,,,,,,,
153,Danny Gare,1954,F,827,354,331,685,1285,160,,,,,273,79,2,43,0,254,74,3,43,0,527,153,5,86,0,22.3%,,,,,,,,,,0.428,0.4,0.828,2551,13.9%,,,,,,,,,,,,,,,,,,,,,,,,,,,,,,,,,,,,,,,,,,,,,,,,,,,,,,,,,,
154,Jason Spezza,1983,F,1176,351,619,970,578,8,16:48,13:10,3:17,0:20,234,114,3,54,3,375,242,2,93,5,609,356,5,147,8,36.7%,1.066,1.879,2.945,0.906,1.452,2.357,1.768,3.752,5.52,0.298,0.526,0.825,2768,12.7%,264,314,9327,8196,53.23%,,,,,,,,,,,,,,,,,,,,,,,,,,,,,,,,,,,,,,,,,,,,,,,,,,,,,
155,Rick MacLeish,1950,F,846,349,410,759,434,154,,,,,222,104,23,51,0,283,123,4,51,0,505,227,27,102,0,29.9%,,,,,,,,,,0.413,0.485,0.897,2605,13.4%,,,,,,,,,,,,,,,,,,,,,,,,,,,,,,,,,,,,,,,,,,,,,,,,,,,,,,,,,,
156,Andy Bathgate,1932,F,1069,349,624,973,624,-60,,,,,265,78,6,35,0,388,233,3,73,0,653,311,9,108,0,32.0%,,,,,,,,,,0.326,0.584,0.91,2461,0.0%,,,,,,,,,,,,,,,,,,,,,,,,,,,,,,,,,,,,,,,,,,,,,,,,,,,,,,,,,,
157,Anze Kopitar,1987,F,1129,346,654,1000,304,69,21:02,15:50,3:20,1:51,235,98,13,57,9,385,260,9,108,20,620,358,22,165,29,35.8%,0.874,1.652,2.525,0.788,1.291,2.08,1.559,4.137,5.696,0.306,0.579,0.886,2718,12.7%,1055,740,10 998,9934,52.54%,,,,,,,,,,,,,,,,,,,,,,,,,,,,,,,,,,,,,,,,,,,,,,,,,,,,,
158,Jonathan Toews,1988,F,943,345,470,815,525,193,19:52,15:10,3:10,1:31,249,80,16,66,15,325,130,15,77,14,574,210,31,143,29,25.8%,1.105,1.505,2.61,1.045,1.363,2.408,1.604,2.606,4.21,0.366,0.498,0.864,2483,13.9%,595,339,10 604,8031,56.90%,,,,,,,,,,,,,,,,,,,,,,,,,,,,,,,,,,,,,,,,,,,,,,,,,,,,,
159,Charlie Simmer,1954,F,712,342,369,711,544,115,,,,,215,125,2,42,2,248,121,0,36,1,463,246,2,78,3,34.6%,,,,,,,,,,0.48,0.518,0.999,1531,22.3%,,,,,,,,,,,,,,,,,,,,,,,,,,,,,,,,,,,,,,,,,,,,,,,,,,,,,,,,,,
160,Ed Olczyk,1966,F,1031,342,452,794,874,-65,,,,,230,100,12,37,0,311,131,10,54,2,541,231,22,91,2,29.1%,,,,,,,,,,0.332,0.438,0.77,2576,13.3%,,,504,477,51.38%,,,,,,,,,,,,,,,,,,,,,,,,,,,,,,,,,,,,,,,,,,,,,,,,,,,,,
161,Scott Young,1967,F,1181,342,415,757,448,-40,,,,,213,108,21,50,5,211,199,5,62,6,424,307,26,112,11,40.6%,,,,,,,,,,0.29,0.351,0.641,3501,9.8%,27,24,13,38,25.49%,,,,,,,,,,,,,,,,,,,,,,,,,,,,,,,,,,,,,,,,,,,,,,,,,,,,,
162,Brian Rolston,1973,F,1256,342,419,761,472,65,,,,,211,98,33,72,6,247,162,10,76,7,458,260,43,148,13,34.2%,,,,,,,,,,0.272,0.334,0.606,3836,8.9%,423,163,2867,3250,46.87%,,,,,,,,,,,,,,,,,,,,,,,,,,,,,,,,,,,,,,,,,,,,,,,,,,,,,
163,Adam Oates,1962,F,1337,341,1079,1420,415,33,,,,,226,103,12,56,5,646,410,23,176,17,872,513,35,232,22,36.1%,,,,,,,,,,0.255,0.807,1.062,2392,14.3%,,,6486,4770,57.62%,,,,,,,,,,,,,,,,,,,,,,,,,,,,,,,,,,,,,,,,,,,,,,,,,,,,,
164,Dave Christian,1959,F,1009,340,433,773,284,-64,,,,,230,102,8,35,1,271,152,10,55,2,501,254,18,90,3,32.9%,,,,,,,,,,0.337,0.429,0.766,2167,15.7%,,,,,,,,,,,,,,,,,,,,,,,,,,,,,,,,,,,,,,,,,,,,,,,,,,,,,,,,,,
165,Al MacInnis,1963,D,1416,340,934,1274,1511,371,,,,,164,166,10,44,3,355,556,23,105,6,519,722,33,149,9,56.7%,,,,,,,,,,0.24,0.66,0.9,5157,6.6%,,,2,0,100.00%,,,,,,,,,,,,,,,,,,,,,,,,,,,,,,,,,,,,,,,,,,,,,,,,,,,,,
166,Phil Housley,1964,D,1495,338,894,1232,822,-53,,,,,202,129,7,49,5,408,483,3,107,8,610,612,10,156,13,49.7%,,,,,,,,,,0.226,0.598,0.824,3808,8.9%,,,2,1,66.67%,,,,,,,,,,,,,,,,,,,,,,,,,,,,,,,,,,,,,,,,,,,,,,,,,,,,,
167,Alexei Yashin,1973,F,850,337,444,781,401,-83,,,,,209,124,4,49,3,259,181,4,65,6,468,305,8,114,9,39.1%,,,,,,,,,,0.396,0.522,0.919,2828,11.9%,78,55,3917,4705,45.43%,,,,,,,,,,,,,,,,,,,,,,,,,,,,,,,,,,,,,,,,,,,,,,,,,,,,,
168,Glen Murray,1972,F,1009,337,314,651,679,14,,,,,242,86,9,55,11,239,69,6,43,2,481,155,15,98,13,23.8%,,,,,,,,,,0.334,0.311,0.645,2576,13.1%,87,38,80,133,37.56%,,,,,,,,,,,,,,,,,,,,,,,,,,,,,,,,,,,,,,,,,,,,,,,,,,,,,
169,Henrik Zetterberg,1980,F,1082,337,623,960,401,160,19:32,15:07,3:19,1:05,228,100,9,64,7,380,234,9,106,18,608,334,18,170,25,34.8%,0.956,1.768,2.724,0.836,1.394,2.23,1.666,3.899,5.565,0.311,0.576,0.887,3455,9.8%,512,322,7111,6893,50.78%,,,,,,,,,,,,,,,,,,,,,,,,,,,,,,,,,,,,,,,,,,,,,,,,,,,,,
170,Ron Ellis,1945,F,1034,332,308,640,207,74,,,,,269,56,7,50,0,242,62,4,36,0,511,118,11,86,0,18.4%,,,,,,,,,,0.321,0.298,0.619,2333,14.2%,,,,,,,,,,,,,,,,,,,,,,,,,,,,,,,,,,,,,,,,,,,,,,,,,,,,,,,,,,
171,Wendel Clark,1966,F,793,330,234,564,1690,-130,,,,,229,101,0,43,7,162,72,0,32,3,391,173,0,75,10,30.7%,,,,,,,,,,0.416,0.295,0.711,2340,14.1%,,,4,5,44.44%,,,,,,,,,,,,,,,,,,,,,,,,,,,,,,,,,,,,,,,,,,,,,,,,,,,,,
172,Zigmund Palffy,1972,F,684,329,384,713,322,83,,,,,218,92,19,45,5,213,164,7,62,4,431,256,26,107,9,35.9%,,,,,,,,,,0.481,0.561,1.042,2136,15.4%,4,11,15,22,40.54%,,,,,,,,,,,,,,,,,,,,,,,,,,,,,,,,,,,,,,,,,,,,,,,,,,,,,
173,Mike Bullard,1961,F,727,329,345,674,705,-98,,,,,214,113,2,27,1,213,130,2,35,1,427,243,4,62,2,36.1%,,,,,,,,,,0.453,0.475,0.927,1847,17.8%,,,,,,,,,,,,,,,,,,,,,,,,,,,,,,,,,,,,,,,,,,,,,,,,,,,,,,,,,,
174,Kevin Stevens,1965,F,874,329,397,726,1470,-103,,,,,195,134,0,35,4,276,121,0,58,4,471,255,0,93,8,35.1%,,,,,,,,,,0.376,0.454,0.831,2331,14.1%,,,15,21,41.67%,,,,,,,,,,,,,,,,,,,,,,,,,,,,,,,,,,,,,,,,,,,,,,,,,,,,,
175,Adam Graves,1968,F,1152,329,287,616,1224,-25,,,,,205,105,19,40,5,203,72,12,43,3,408,177,31,83,8,28.7%,,,,,,,,,,0.286,0.249,0.535,2855,11.5%,,,513,526,49.37%,,,,,,,,,,,,,,,,,,,,,,,,,,,,,,,,,,,,,,,,,,,,,,,,,,,,,
176,Ken Hodge,1944,F,880,328,472,800,777,260,,,,,237,88,3,57,0,359,109,4,68,0,596,197,7,125,0,24.6%,,,,,,,,,,0.373,0.536,0.909,2126,15.4%,,,,,,,,,,,,,,,,,,,,,,,,,,,,,,,,,,,,,,,,,,,,,,,,,,,,,,,,,,
177,Scott Hartnell,1982,F,1249,327,380,707,1809,66,15:38,12:35,2:32,0:30,214,109,4,54,5,297,79,4,65,5,511,188,8,119,10,26.6%,1.004,1.167,2.171,0.817,1.133,1.95,2.058,1.491,3.549,0.262,0.304,0.566,2777,11.8%,1510,431,191,293,39.46%,,,,,,,,,,,,,,,,,,,,,,,,,,,,,,,,,,,,,,,,,,,,,,,,,,,,,
178,Bobby Holik,1971,F,1314,326,421,747,1423,115,,,,,251,74,1,58,5,311,108,2,77,8,562,182,3,135,13,24.4%,,,,,,,,,,0.248,0.32,0.568,3345,9.8%,541,125,8352,6509,56.20%,,,,,,,,,,,,,,,,,,,,,,,,,,,,,,,,,,,,,,,,,,,,,,,,,,,,,
179,John Tonelli,1957,F,1028,325,511,836,911,221,,,,,249,72,4,47,1,389,119,3,78,5,638,191,7,125,6,22.8%,,,,,,,,,,0.316,0.497,0.813,1851,17.6%,,,,,,,,,,,,,,,,,,,,,,,,,,,,,,,,,,,,,,,,,,,,,,,,,,,,,,,,,,
180,Nels Stewart,1902,F,650,324,191,515,955,,,,,,297,27,0,70,11,162,28,1,31,2,459,55,1,101,13,10.7%,,,,,,,,,,0.498,0.294,0.792,,,,,,,,,,,,,,,,,,,,,,,,,,,,,,,,,,,,,,,,,,,,,,,,,,,,,,,,,,,,
181,Paul MacLean,1958,F,719,324,349,673,968,-34,,,,,199,125,0,37,6,244,105,0,47,7,443,230,0,84,13,34.2%,,,,,,,,,,0.451,0.485,0.936,1513,21.4%,,,,,,,,,,,,,,,,,,,,,,,,,,,,,,,,,,,,,,,,,,,,,,,,,,,,,,,,,,
182,Hubert 'Pit' Martin,1943,F,1101,324,485,809,609,104,,,,,253,63,8,40,0,367,110,8,70,0,620,173,16,110,0,21.4%,,,,,,,,,,0.294,0.441,0.735,2205,14.7%,,,,,,,,,,,,,,,,,,,,,,,,,,,,,,,,,,,,,,,,,,,,,,,,,,,,,,,,,,
183,Vic Hadfield,1940,F,1004,323,389,712,1159,22,,,,,226,93,4,45,0,272,115,2,63,0,498,208,6,108,0,29.2%,,,,,,,,,,0.322,0.387,0.709,2874,11.2%,,,,,,,,,,,,,,,,,,,,,,,,,,,,,,,,,,,,,,,,,,,,,,,,,,,,,,,,,,
184,Petr S_kora,1976,F,1017,323,398,721,455,58,,,,,207,111,5,58,2,256,141,1,68,3,463,252,6,126,5,35.0%,,,,,,,,,,0.318,0.391,0.709,2747,11.8%,83,108,471,520,47.53%,,,,,,,,,,,,,,,,,,,,,,,,,,,,,,,,,,,,,,,,,,,,,,,,,,,,,
185,Dale Hunter,1960,F,1407,323,697,1020,3565,101,,,,,221,92,10,42,4,527,153,17,104,8,748,245,27,146,12,24.0%,,,,,,,,,,0.23,0.495,0.725,2047,15.8%,,,832,739,52.96%,,,,,,,,,,,,,,,,,,,,,,,,,,,,,,,,,,,,,,,,,,,,,,,,,,,,,
186,Olli Jokinen,1978,F,1231,321,429,750,1071,-132,18:09,14:07,2:51,1:09,211,97,13,54,13,276,151,2,64,9,487,248,15,118,22,33.1%,0.862,1.152,2.014,0.728,0.953,1.681,1.649,2.568,4.217,0.261,0.348,0.609,3343,9.6%,732,296,7849,9304,45.76%,,,,,,,,,,,,,,,,,,,,,,,,,,,,,,,,,,,,,,,,,,,,,,,,,,,,,
187,Tony McKegney,1958,F,912,320,319,639,517,5,,,,,234,77,9,28,0,258,60,1,36,2,492,137,10,64,2,21.4%,,,,,,,,,,0.351,0.35,0.701,2090,15.3%,,,,,,,,,,,,,,,,,,,,,,,,,,,,,,,,,,,,,,,,,,,,,,,,,,,,,,,,,,
188,Bobby Carpenter,1963,F,1178,320,408,728,919,-82,,,,,231,82,7,40,2,299,101,8,56,3,530,183,15,96,5,25.1%,,,,,,,,,,0.272,0.346,0.618,2647,12.1%,,,1043,1132,47.95%,,,,,,,,,,,,,,,,,,,,,,,,,,,,,,,,,,,,,,,,,,,,,,,,,,,,,
189,Justin Williams,1981,F,1264,320,477,797,766,110,16:52,13:34,2:27,0:50,240,74,6,44,3,350,120,7,70,6,590,194,13,114,9,24.3%,0.9,1.341,2.241,0.839,1.224,2.064,1.424,2.31,3.734,0.253,0.377,0.631,3308,9.7%,637,448,363,487,42.71%,,,,,,,,,,,,,,,,,,,,,,,,,,,,,,,,,,,,,,,,,,,,,,,,,,,,,
190,Brad Marchand,1988,F,804,319,396,715,802,247,17:44,14:07,2:01,1:35,232,56,31,61,16,280,96,20,57,3,512,152,51,118,19,21.3%,1.341,1.665,3.006,1.226,1.48,2.706,2.07,3.548,5.618,0.397,0.493,0.889,1985,16.1%,684,270,203,319,38.89%,,,,,,,,,,,,,,,,,,,,,,,,,,,,,,,,,,,,,,,,,,,,,,,,,,,,,
191,Clark Gillies,1954,F,958,319,378,697,1025,245,,,,,226,93,0,44,0,273,105,0,51,0,499,198,0,95,0,28.4%,,,,,,,,,,0.333,0.395,0.728,2253,14.2%,,,,,,,,,,,,,,,,,,,,,,,,,,,,,,,,,,,,,,,,,,,,,,,,,,,,,,,,,,
192,Dave Gagner,1964,F,946,318,401,719,1018,-65,,,,,196,115,7,36,4,239,152,10,58,1,435,267,17,94,5,37.1%,,,,,,,,,,0.336,0.424,0.76,2358,13.5%,,,970,937,50.87%,,,,,,,,,,,,,,,,,,,,,,,,,,,,,,,,,,,,,,,,,,,,,,,,,,,,,
193,Dustin Brown,1984,F,1232,316,368,684,718,-33,17:59,14:01,2:39,1:18,205,105,6,42,9,269,92,7,56,5,474,197,13,98,14,28.8%,0.855,0.996,1.852,0.712,0.934,1.646,1.924,1.686,3.61,0.256,0.299,0.555,3214,9.8%,3544,356,218,284,43.43%,,,,,,,,,,,,,,,,,,,,,,,,,,,,,,,,,,,,,,,,,,,,,,,,,,,,,
194,Pavel Datsyuk,1978,F,953,314,604,918,228,249,18:49,14:39,3:18,0:52,211,97,6,51,8,366,233,5,120,14,577,330,11,171,22,35.9%,1.05,2.019,3.069,0.907,1.573,2.479,1.847,4.436,6.283,0.329,0.634,0.963,2244,14.0%,558,339,7444,6378,53.86%,,,,,,,,,,,,,,,,,,,,,,,,,,,,,,,,,,,,,,,,,,,,,,,,,,,,,
195,Todd Bertuzzi,1975,F,1159,314,456,770,1478,-44,,,,,203,110,1,41,7,327,128,1,70,12,530,238,2,111,19,30.9%,,,,,,,,,,0.271,0.393,0.664,2411,13.0%,663,145,869,1047,45.35%,,,,,,,,,,,,,,,,,,,,,,,,,,,,,,,,,,,,,,,,,,,,,,,,,,,,,
196,Petr Klíma,1964,F,786,313,260,573,671,-122,,,,,230,77,6,36,5,153,107,0,29,2,383,184,6,65,7,32.1%,,,,,,,,,,0.398,0.331,0.729,1852,16.9%,,,0,1,0.00%,,,,,,,,,,,,,,,,,,,,,,,,,,,,,,,,,,,,,,,,,,,,,,,,,,,,,
197,Don Lever,1952,F,1020,313,367,680,593,-248,,,,,226,77,10,23,0,274,86,7,43,0,500,163,17,66,0,24.0%,,,,,,,,,,0.307,0.36,0.667,2156,14.5%,,,,,,,,,,,,,,,,,,,,,,,,,,,,,,,,,,,,,,,,,,,,,,,,,,,,,,,,,,
198,Jamie Benn,1989,F,866,311,412,723,646,60,18:26,14:41,2:50,0:55,214,85,12,49,9,294,107,11,75,12,508,192,23,124,21,26.6%,1.168,1.547,2.715,1.009,1.387,2.396,2.074,2.611,4.684,0.359,0.476,0.835,2369,13.1%,1523,593,3112,3082,50.24%,,,,,,,,,,,,,,,,,,,,,,,,,,,,,,,,,,,,,,,,,,,,,,,,,,,,,
199,Petr Nedved,1971,F,982,310,407,717,708,-21,,,,,217,80,13,39,4,270,129,8,54,8,487,209,21,93,12,29.1%,,,,,,,,,,0.316,0.414,0.73,2207,14.1%,51,29,4486,4214,51.56%,,,,,,,,,,,,,,,,,,,,,,,,,,,,,,,,,,,,,,,,,,,,,,,,,,,,,
200,Denis Potvin,1953,D,1060,310,742,1052,1356,456,,,,,173,127,10,44,0,388,332,22,88,4,561,459,32,132,4,43.6%,,,,,,,,,,0.292,0.7,0.992,3050,10.2%,,,,,,,,,,,,,,,,,,,,,,,,,,,,,,,,,,,,,,,,,,,,,,,,,,,,,,,,,,